{
  "B=0.00": {
    "I_uA": [
      20.0,
      54.54545454545455,
      89.0909090909091,
      123.63636363636364,
      158.1818181818182,
      192.72727272727275,
      227.27272727272728,
      261.8181818181818,
      296.3636363636364,
      330.90909090909093,
      365.4545454545455,
      400.0
    ],
    "V": [
      5.735873419894018e-05,
      0.00017933434353295077,
      0.0003048084724685301,
      0.0004286360556483548,
      0.0005509105324823957,
      0.0006723153361121014,
      0.000793275736236733,
      0.0009140628903722527,
      0.0010347308269486103,
      0.0011553927425932617,
      0.0012760214695454804,
      0.001396651564927317
    ]
  },
  "B=8.27": {
    "I_uA": [
      20.0,
      54.54545454545455,
      89.0909090909091,
      123.63636363636364,
      158.1818181818182,
      192.72727272727275,
      227.27272727272728,
      261.8181818181818,
      296.3636363636364,
      330.90909090909093,
      365.4545454545455,
      400.0
    ],
    "V": [
      0.00015810580408178978,
      0.00031389255112053064,
      0.0005202079400512755,
      0.0007418864408725468,
      0.000971633267989694,
      0.0012071819041555056,
      0.0014483033345315038,
      0.0016955720835055226,
      0.0019503760277113234,
      0.002215116104600807,
      0.002493868704389198,
      0.0027940741133194746
    ]
  }
}