{
  "dB1_mT": 3.1235514709547507,
  "dB2_mT": -3.220503479565415,
  "hop_rate_Hz": 2000.0,
  "snr_single_shot": 0.125,
  "f_p_antidot_GHz": 0.26159376379366334,
  "f_p_natural_GHz": 0.005231875275873267
}