{
  "period_tau": 180.2277230134703,
  "f_GHz": 2.87,
  "I0_uA": 150.0,
  "bare": {
    "P_avg_red": 0.0761523756704628,
    "P_absavg_red": 0.19214149259099494,
    "V_rms": 0.0011593385894496878,
    "runtime_s": 1023.7787201404572
  },
  "anti15": {
    "P_avg_red": 0.05012090049140858,
    "P_absavg_red": 0.07979271554818906,
    "V_rms": 0.0010762038405944608,
    "runtime_s": 689.837096452713
  }
}