{
  "Lambda_pearl_um": 0.13333333333333336,
  "z_nv_um": 0.106,
  "Bpk_25nm_mT": 8.0546472149412,
  "map_bare_B4_minmax": [
    -2.842420572700311,
    8.932630028970996
  ],
  "map_anti15_B8_minmax": [
    -6.485728104448321,
    8.855402147624545
  ],
  "sensitivity_uT_sqrtHz": {
    "bare": 3.263189304307212,
    "membrane": 1.2333696257318223
  },
  "I_d_uA": 400.0,
  "J_d_A_per_m": 250.0,
  "relaxometry": {
    "antidot": {
      "k_p_N_per_m": 1.0353202974171732e-05,
      "f_p_GHz": 0.26159376379366334,
      "tau_c_ns": 0.6084049588331608,
      "x_rms_nm": 1.6734545608389788,
      "S_B_nv_T2Hz": 2.9966062951113435e-19,
      "S_B_0_T2Hz": 3.636904318112434e-17,
      "Gamma1_per_s": 4645.363221536187,
      "T1_us": 215.2684197790905,
      "Gammaphi_per_s": 93965.97292503684,
      "T2phi_us": 10.642150225994778
    },
    "natural": {
      "k_p_N_per_m": 2.0706405948343464e-07,
      "f_p_GHz": 0.005231875275873267,
      "tau_c_ns": 30.42024794165804,
      "x_rms_nm": 11.833110679767978,
      "S_B_nv_T2Hz": 3.0214917435566697e-19,
      "S_B_0_T2Hz": 9.092260795281084e-14,
      "Gamma1_per_s": 4683.940844211526,
      "T1_us": 213.49543755143978,
      "Gammaphi_per_s": 87876739.9316768,
      "T2phi_us": 0.011379575537024803
    },
    "Bpk_mT": 8.0546472149412,
    "gradB_T_per_m": 51654.795580860184,
    "eta_v_kg_per_s": 6.29894002929231e-15,
    "F_dep_N": 5.169584620000001e-13
  }
}