{
  "PHI0": 2.067833848e-15,
  "MU0": 1.2566370614359173e-06,
  "TC_K": 4.3,
  "HC2_0_T": 0.132,
  "XI_0_NM": 49.932225156761916,
  "RHO_N_OHM_M": 6.5e-09,
  "LAMBDA_0_NM": 100.0,
  "THICKNESS_NM": 150.0,
  "GAMMA_TDGL": 10.0,
  "ETA_BS": 4.1992933528615395e-08,
  "SIGMA_N": 153846153.84615383,
  "TAU_0_S": 1.9332877868244884e-12,
  "FILM_W": 1.6,
  "FILM_L": 1.6,
  "PITCH": 0.5,
  "B_PHI_MT": 8.271335392000001,
  "MESH_EDGE": 0.03,
  "TAN_DELTA_S": 0.00319,
  "T_DIEL_NM": 3.0,
  "P_EDGE_CPW": 0.00022,
  "CPW_EDGE_UM_PER_UM2": 0.03333333333333333,
  "NV_DEPTH_NM": 6.0,
  "MEMBRANE_STANDOFF_NM": 25.0,
  "NV_T2_US": 100.0,
  "NV_ETA_UT_SQHZ": 1.0
}