{
  "I_uA": [
    20.0,
    54.54545454545455,
    89.0909090909091,
    123.63636363636364,
    158.1818181818182,
    192.72727272727275,
    227.27272727272728,
    261.8181818181818,
    296.3636363636364,
    330.90909090909093,
    365.4545454545455,
    400.0
  ],
  "bare_B0.00": [
    6.0365836335252993e-05,
    0.0001844186825143521,
    0.00030862327983286007,
    0.0004308162155294219,
    0.0005520229322316426,
    0.0006728280893040606,
    0.0007935135995040157,
    0.000914150514097479,
    0.0010347731184139277,
    0.0011553980774126798,
    0.0012760195155038844,
    0.0013966237818964417
  ],
  "bare_B8.27": [
    0.00014399463009135967,
    0.0003216524025231404,
    0.0005381269190083932,
    0.0007674943492801753,
    0.001005204393359505,
    0.0012510993829694063,
    0.0015073754154602426,
    0.001778865247088965,
    0.002075944355540102,
    0.0024242037654616474,
    0.0027493864268693636,
    0.0033665552122785223
  ],
  "anti15_B0.00": [
    6.219029500776581e-05,
    0.00018993286909321753,
    0.0003178068423977671,
    0.0004435910160498686,
    0.0005684677187955108,
    0.0006928570623613454,
    0.0008171170363439015,
    0.0009414233546113605,
    0.0010655834318340546,
    0.0011897544603914128,
    0.0013139783403345543,
    0.0014381910168322393
  ],
  "anti15_B8.27": [
    0.00022826732852437056,
    0.0007427862994320257,
    0.0005020461245991389,
    0.0005556144909486495,
    0.000667537663967162,
    0.0007957404416000315,
    0.0009298321319438468,
    0.0010663447204386826,
    0.001204391932471386,
    0.0013439225495007084,
    0.0014865969524598028,
    0.0016373426231198961
  ],
  "anti15_B8.27_occ": [
    0.4351093531713978,
    1.0489370441038923,
    0.4241360146661929,
    0.6244332734835714,
    1.3567231328283862,
    0.6321342700384229,
    0.34523857634135235,
    1.1979053241423316,
    0.3428928853702119
  ]
}