{
  "xi_nm": 49.932225156761916,
  "eta_BS": 4.1992933528615395e-08,
  "Lambda_pearl_nm": 133.33333333333337,
  "tau0_ps": 1.9332877868244884,
  "B_phi_mT": 8.271335392000001,
  "z_nv_surface_nm": 106.0,
  "census": {
    "anti15_B12": {
      "B_mT": 12.4,
      "n_holes": 9,
      "occupied": 8,
      "quanta_trapped": 8,
      "interstitial": 4,
      "expected_quanta": 15.351330103578036
    },
    "anti15_B4": {
      "B_mT": 4.14,
      "n_holes": 9,
      "occupied": 6,
      "quanta_trapped": 6,
      "interstitial": 0,
      "expected_quanta": 5.125363437807504
    },
    "anti15_B8": {
      "B_mT": 8.27,
      "n_holes": 9,
      "occupied": 8,
      "quanta_trapped": 8,
      "interstitial": 0,
      "expected_quanta": 10.238346770692768
    },
    "anti20_B8": {
      "B_mT": 8.27,
      "n_holes": 9,
      "occupied": 8,
      "quanta_trapped": 12,
      "interstitial": 0,
      "expected_quanta": 10.238346770692768
    },
    "bare_B4": {
      "B_mT": 4.14,
      "n_holes": 0,
      "occupied": 0,
      "quanta_trapped": 0,
      "interstitial": 4,
      "expected_quanta": 5.125363437807504
    },
    "bare_B8": {
      "B_mT": 8.27,
      "n_holes": 0,
      "occupied": 0,
      "quanta_trapped": 0,
      "interstitial": 6,
      "expected_quanta": 10.238346770692768
    }
  },
  "iv": {
    "I_uA": [
      20.0,
      54.54545454545455,
      89.0909090909091,
      123.63636363636364,
      158.1818181818182,
      192.72727272727275,
      227.27272727272728,
      261.8181818181818,
      296.3636363636364,
      330.90909090909093,
      365.4545454545455,
      400.0
    ],
    "dv_bare": [
      8.362879375610667e-05,
      0.00013723372000878827,
      0.00022950363917553318,
      0.0003366781337507534,
      0.00045318146112786233,
      0.0005782712936653457,
      0.0007138618159562269,
      0.0008647147329914861,
      0.0010411712371261742,
      0.0012688056880489676,
      0.0014733669113654792,
      0.0019699314303820805
    ],
    "dv_anti": [
      0.00016607703351660474,
      0.0005528534303388082,
      0.00018423928220137175,
      0.00011202347489878094,
      9.906994517165126e-05,
      0.00010288337923868604,
      0.00011271509559994527,
      0.00012492136582732205,
      0.00013880850063733153,
      0.00015416808910929556,
      0.00017261861212524853,
      0.00019915160628765686
    ],
    "suppression_at_max": 9.891617080590798,
    "J_d_lower_A_per_m": 250.0
  },
  "microwave": {
    "period_tau": 180.2277230134703,
    "f_GHz": 2.87,
    "I0_uA": 150.0,
    "bare": {
      "P_avg_red": 0.0761523756704628,
      "P_absavg_red": 0.19214149259099494,
      "V_rms": 0.0011593385894496878,
      "runtime_s": 1023.7787201404572
    },
    "anti15": {
      "P_avg_red": 0.05012090049140858,
      "P_absavg_red": 0.07979271554818906,
      "V_rms": 0.0010762038405944608,
      "runtime_s": 689.837096452713
    }
  },
  "mw_suppression": 2.4080079399598238,
  "Bpk_mT": {
    "10": 9.45774097658696,
    "25": 8.0546472149412,
    "50": 6.31871712300874,
    "100": 4.183220615101006
  },
  "odmr_shift_25nm_MHz": 130.32148512337218,
  "sensitivity_uT_sqrtHz": {
    "bare": 3.263189304307212,
    "membrane": 1.2333696257318223
  },
  "t_snr1_ns_membrane": 23.44733295904454,
  "frame_s_101px_0p1ms": 1.0201,
  "noise": {
    "antidot": {
      "k_p_N_per_m": 1.0353202974171732e-05,
      "f_p_GHz": 0.26159376379366334,
      "tau_c_ns": 0.6084049588331608,
      "x_rms_nm": 1.6734545608389788,
      "S_B_nv_T2Hz": 2.9966062951113435e-19,
      "S_B_0_T2Hz": 3.636904318112434e-17,
      "Gamma1_per_s": 4645.363221536187,
      "T1_us": 215.2684197790905,
      "Gammaphi_per_s": 93965.97292503684,
      "T2phi_us": 10.642150225994778
    },
    "natural": {
      "k_p_N_per_m": 2.0706405948343464e-07,
      "f_p_GHz": 0.005231875275873267,
      "tau_c_ns": 30.42024794165804,
      "x_rms_nm": 11.833110679767978,
      "S_B_nv_T2Hz": 3.0214917435566697e-19,
      "S_B_0_T2Hz": 9.092260795281084e-14,
      "Gamma1_per_s": 4683.940844211526,
      "T1_us": 213.49543755143978,
      "Gammaphi_per_s": 87876739.9316768,
      "T2phi_us": 0.011379575537024803
    },
    "Bpk_mT": 8.0546472149412,
    "gradB_T_per_m": 51654.795580860184,
    "eta_v_kg_per_s": 6.29894002929231e-15,
    "F_dep_N": 5.169584620000001e-13
  },
  "T2phi_contrast": 935.1974677235786,
  "recon_25nm_1ms": {
    "standoff_nm": 25,
    "t_px_ms": 1.0,
    "mode": "membrane",
    "sigma_B_uT": 39.00257214181977,
    "loc_err_nm": 13.581371105695773,
    "detected": 1.0,
    "crb_nm": 0.06729700150549912
  },
  "occupancy_curve": [
    {
      "t_px_ms": 0.01,
      "acc": 1.0,
      "sigma_B_uT": 390.02572141819763
    },
    {
      "t_px_ms": 0.03,
      "acc": 1.0,
      "sigma_B_uT": 225.1814552516744
    },
    {
      "t_px_ms": 0.1,
      "acc": 1.0,
      "sigma_B_uT": 123.33696257318222
    },
    {
      "t_px_ms": 0.3,
      "acc": 1.0,
      "sigma_B_uT": 71.20862854265755
    },
    {
      "t_px_ms": 1.0,
      "acc": 1.0,
      "sigma_B_uT": 39.00257214181977
    }
  ],
  "covariance": {
    "dB1_mT": 3.1235514709547507,
    "dB2_mT": -3.220503479565415,
    "hop_rate_Hz": 2000.0,
    "snr_single_shot": 0.125,
    "f_p_antidot_GHz": 0.26159376379366334,
    "f_p_natural_GHz": 0.005231875275873267
  }
}